id,bookingDate,price,qrCode,showtime_id,seat_id,invoice_id
1,2025-05-17 10:30:11,89500.0,5f107cef-4c89-4fc4-aa46-6dea359b1382,58,974,1
2,2025-05-17 10:30:11,124300.0,57395ac9-3b37-47ea-b50a-4b2aeddf5c7b,58,950,1
3,2025-05-17 10:30:11,103200.0,c2ae1101-a91f-4270-b3fd-870bbc067773,58,948,1
4,2025-05-17 10:30:11,193900.0,58bcc883-058c-4a53-9323-27c0500efa69,58,881,1
5,2025-05-21 05:54:56,165600.0,3fa51434-f476-4598-90a1-5f2fe80f420d,56,879,2
6,2025-05-21 05:54:56,117500.0,653721cd-edd3-4c34-a1c1-ac1f8e377606,56,915,2
7,2025-05-21 05:54:56,84000.0,73e9441f-7d43-43c0-88eb-b18982a22a9e,56,970,2
8,2025-04-28 05:59:04,119600.0,05be2cdf-fb02-44c0-9a5c-6f39d94e27f0,6,582,3
9,2025-05-16 17:20:25,93500.0,99674a87-20c4-4a76-8238-88cdd36d36c3,113,953,4
10,2025-05-16 17:20:25,105500.0,1c5d9a11-12ac-40a6-9777-5bedb1778ad8,113,921,4
11,2025-05-14 17:41:39,234100.0,83ce2838-d5a5-476f-a33d-29097d58d3c1,98,628,5
12,2025-05-14 17:41:39,117500.0,f19c4383-736a-4cef-9bc2-c0721ed9001c,98,703,5
13,2025-05-14 17:41:39,249700.0,ac30a8ae-1bde-4e43-88c7-d525611c8913,98,627,5
14,2025-05-24 17:29:02,129600.0,738007b3-ee2d-444c-ad74-c43faf42086b,125,936,6
15,2025-05-24 17:29:02,100100.0,45a2f690-9876-4c4f-896f-1ee4d78c38bc,125,940,6
16,2025-05-24 17:29:02,115800.0,bb07883d-7b0f-4e08-b172-1e6838ae185f,125,964,6
17,2025-05-01 04:17:55,71600.0,8d0be479-8a3e-4713-b197-1766fbf76c48,36,802,7
18,2025-05-01 04:17:55,88300.0,582c16f7-4879-4c13-a817-8b95b0f3a107,36,848,7
19,2025-05-01 04:17:55,72700.0,925fe3ca-3fe4-48b1-a4f0-798e024c1f29,36,785,7
20,2025-05-15 16:39:09,114600.0,cd217210-d3b5-424b-b099-9391ea66e1d8,13,282,8
21,2025-05-15 16:39:09,265400.0,d81ea8bb-3eef-42a7-9a8c-0311e003f083,13,244,8
22,2025-05-15 16:39:09,171600.0,62370ddb-cc28-44a1-992e-6deac438371d,13,309,8
23,2025-04-19 08:41:28,83100.0,3937e585-f628-4c51-bcf2-53cc6fc0bb0f,44,894,9
24,2025-04-22 16:18:07,92500.0,11230d0b-b3f0-4296-a9ff-bc5f8b7a27fc,39,589,10
25,2025-04-22 16:18:07,166000.0,0ffb42eb-9686-49e0-b168-66d2f549caf8,39,522,10
26,2025-04-26 17:30:37,84500.0,2a6351ca-cb97-4e32-8b35-6b775ce8ceb2,6,532,11
27,2025-04-26 17:30:37,100000.0,c4919ca7-f998-491e-a8ea-138e63a3e50d,6,541,11
28,2025-05-12 07:14:25,227800.0,34763484-d522-47db-b109-1895434971f9,73,8,12
29,2025-05-12 07:14:25,79400.0,a1d62d05-e52b-4343-aeda-ffbe8bc8059d,73,63,12
30,2025-05-12 07:14:25,190200.0,f9e656ed-ee69-43ac-a7c4-3a3d66a7cee5,73,17,12
31,2025-05-12 07:14:25,93100.0,01a6da12-c71a-4834-bd58-54fde01138c0,73,66,12
32,2025-05-07 23:33:47,71600.0,92f6dbfb-5910-4728-aed9-db409b610f89,18,802,13
33,2025-05-07 23:33:47,97200.0,5c60acc4-eeeb-4d59-a5ca-d2e14ae63ea1,18,764,13
34,2025-05-07 23:33:47,84500.0,15fd9b53-83b0-42e1-9b5c-bde8abca175f,18,743,13
35,2025-04-29 04:22:04,113600.0,5bff66b4-5a30-44f4-99b4-5e4cc8fb7c08,63,1017,14
36,2025-04-29 04:22:04,96700.0,276fd873-abd1-4de9-a32a-ed2f97eac255,63,1039,14
37,2025-04-29 04:22:04,82200.0,08e2130d-5fd7-4d54-bdb8-367b09099926,63,1032,14
38,2025-05-04 04:19:51,107400.0,7a02f18a-4ee8-4564-94c9-fa6080b84735,36,774,15
39,2025-05-04 04:19:51,114700.0,e612c3b2-2ca8-43b9-be83-84913c562bb5,36,844,15
40,2025-05-02 01:31:25,124100.0,bd08d942-6053-43d9-9c51-b4842727847b,51,585,16
41,2025-05-02 01:31:25,240100.0,cfc1f8d9-46bc-4a0d-b101-3a3c57a94286,51,519,16
42,2025-05-02 01:31:25,124100.0,1dc8e164-ad87-44e3-ac65-84ce09445e83,51,565,16
43,2025-05-02 01:31:25,84500.0,9ccee801-a62b-4b51-8aae-af327a8dd7c5,51,532,16
44,2025-05-09 08:30:09,116000.0,0cfea926-38dd-41e6-883f-50d3ec08cece,7,347,17
45,2025-05-09 08:30:09,238700.0,81e7b462-9201-4799-9293-f28de0fdc770,7,335,17
46,2025-04-28 06:13:16,103700.0,3df13c60-e6a5-46ca-b21e-ac381227b163,63,1006,18
47,2025-04-28 06:13:16,72700.0,00011ae4-680d-4520-9b5d-fa0ad5a8aa39,63,1036,18
48,2025-04-28 06:13:16,111700.0,2f77d61d-dd1c-4aaf-9a73-ca7b4aef41b9,63,1005,18
49,2025-04-15 18:39:49,260000.0,1edfacc7-7e17-4ad7-aed8-490468ecbf41,82,625,19
50,2025-04-15 18:39:49,159500.0,e4e243ae-0239-4162-b9f7-1b8f917cb8d5,82,731,19
51,2025-04-19 20:02:36,115100.0,e65cf607-7dd6-4bd9-86e5-5aaa06a9e9c5,49,553,20
52,2025-04-19 20:02:36,94800.0,2e69034a-2007-46de-a9e6-7cd7ed1da5d1,49,531,20
53,2025-05-18 09:40:32,129600.0,b8c574a5-d353-4f53-86f7-15d0834bf17d,113,936,21
54,2025-05-18 09:40:32,120700.0,6b940093-2310-47e9-b72d-726c904442ac,113,944,21
55,2025-05-18 09:40:32,82600.0,28e8d35e-3434-4873-84ab-64615bf93bbe,113,937,21
56,2025-04-14 22:05:25,158600.0,d5dfde6c-a498-4b2c-9e79-e9b3dba4ed7d,40,472,22
57,2025-04-26 05:39:42,85100.0,c99eee3a-06f5-49a3-9596-c912db92b920,46,74,23
58,2025-04-26 05:39:42,95500.0,7bec2ca1-b5ee-4bc6-b95a-915ad91608ee,46,95,23
59,2025-04-26 05:39:42,99700.0,54017534-3652-43af-b60f-f709dd9bb83d,46,96,23
60,2025-04-26 05:39:42,84600.0,0463925d-e946-4896-b5a6-f740d7605e5e,46,88,23
61,2025-05-14 09:07:30,112700.0,564fcee5-bfeb-4d29-98aa-81e8d5ac7388,71,279,24
62,2025-05-18 11:30:14,104700.0,0c613a31-51f5-4ac3-bd55-f833dfbdcd85,80,745,25
63,2025-05-18 11:30:14,84500.0,a92e10f0-46bf-47e6-aa79-d04e73a395a6,80,743,25
64,2025-04-25 02:40:20,96000.0,43e26246-a6e2-489d-a59c-6f771386c3a8,6,555,26
65,2025-04-30 13:21:25,110100.0,c33a7af9-2245-4181-b89c-d0535e2cd84a,63,1037,27
66,2025-04-30 13:21:25,117600.0,83061f42-0307-469c-a80e-f47ac9a40e91,63,1045,27
67,2025-05-23 02:52:16,83100.0,04ac4da8-a814-4ce3-87d1-b629acb2e3f2,16,991,28
68,2025-05-23 02:52:16,106000.0,fb440eef-6ecc-48cd-8359-faba5bff93a7,16,1046,28
69,2025-05-03 15:51:54,97300.0,a8257ef6-fdbf-4bef-9f4c-9997f76a5c67,51,590,29
70,2025-05-25 22:13:18,72700.0,eddd8b6d-00a7-4a49-b91d-89ea919bb9ca,16,1036,30
71,2025-05-25 22:13:18,89900.0,37fbbc63-4afe-4026-b0c7-0ec0a6a5fe3d,16,1027,30
72,2025-05-04 11:33:11,272700.0,03c5b40c-50a6-4b1e-8297-1a18f883bea5,51,506,31
73,2025-05-04 11:33:11,110000.0,ea36cd4f-6870-4337-92e2-438f366507f6,51,529,31
74,2025-05-27 06:31:07,102700.0,f2bc0c84-0d62-4415-8042-98b609c4dd3b,16,1008,32
75,2025-05-27 06:31:07,113600.0,d541b87f-7b37-4afc-b730-a5b466c7017f,16,1017,32
76,2025-05-27 06:31:07,81300.0,f5ccc917-6849-4d64-ab34-a1346db457f6,16,1022,32
77,2025-05-12 12:58:05,95200.0,c795ad75-12a6-4afa-aa8a-bfe63b533fb4,73,52,33
78,2025-05-12 12:58:05,122900.0,276a3f59-60b9-4451-abc9-8a08ccf21f3c,73,100,33
79,2025-04-14 23:44:46,259700.0,c4214dff-bb9c-4f8c-ac48-cf6aaa3352a0,82,623,34
80,2025-04-14 23:44:46,122300.0,6102bbed-9c55-44d2-9ec4-0ff88dc2178e,82,660,34
81,2025-04-14 23:44:46,176400.0,f763b245-4f9a-4f9b-a3de-127ebab37dc1,82,674,34
82,2025-05-01 08:54:35,175000.0,a35ea9b2-4808-47da-a2e6-fbf683812c15,76,480,35
83,2025-05-14 18:02:43,111400.0,5cb7e046-bf26-4dab-8264-f1dbb6e573d1,7,404,36
84,2025-05-28 15:55:30,86400.0,23163106-8736-4285-b725-2e41a44fc404,16,1033,37
85,2025-05-28 15:55:30,78700.0,9fd24364-aac2-4f04-b878-36f8b689750d,16,1016,37
86,2025-05-28 15:55:30,114800.0,b0fa5a93-1019-4f05-b793-f35ef0a6baa5,16,984,37
87,2025-05-28 15:55:30,101300.0,5dcd7489-468f-4648-9226-36a08eac97e3,16,1007,37
88,2025-05-26 09:30:23,113600.0,050de119-e38e-4393-8f47-d838abb63f94,55,1017,38
89,2025-05-16 10:24:00,117500.0,3149fd05-da17-4ade-92e0-1b74f5968c20,113,915,39
90,2025-05-16 10:24:00,165600.0,cecae5c3-579a-4840-970e-bfdb3ee0ad1f,113,879,39
91,2025-05-16 10:24:00,228200.0,5f90fd3b-c93c-445f-a317-5acebc0114ef,113,878,39
92,2025-05-08 22:56:30,106400.0,641cee9b-2bb9-4707-b8c9-dae27e44dba5,7,405,40
93,2025-05-08 22:56:30,141800.0,130d8aa1-71a7-408d-adcd-1dbd0135e25a,7,341,40
94,2025-05-08 22:56:30,84900.0,9d026c85-684c-4c22-9922-60e5e72d553a,7,406,40
95,2025-05-08 22:56:30,246300.0,7748abe5-c4b5-4930-b0cb-2cb786bf64d6,7,311,40
96,2025-05-13 18:35:25,106400.0,e19b283a-bc9b-4184-97be-6ca19ac7a795,57,792,41
97,2025-05-13 18:35:25,107400.0,59ff72d7-4dd5-4627-b597-6a6c32291e28,57,774,41
98,2025-05-10 12:09:39,111900.0,6584bac9-ab9a-40fe-bb74-0fd28e9d329f,2,655,42
99,2025-05-10 12:09:39,249700.0,a3af0426-7e46-4636-b4d9-2eb1190f55aa,2,627,42
100,2025-05-10 12:09:39,237200.0,230c821c-e6d1-4439-8b7c-5f688c4eabdf,2,617,42
101,2025-05-10 12:09:39,140800.0,1b335f8d-28a8-4f73-8e78-c19e8cd50b5a,2,725,42
102,2025-05-01 12:13:19,83100.0,e5ebb541-370b-4c78-9bf5-f89fbcdd21d3,28,894,43
103,2025-05-27 07:22:39,86400.0,8a006a0b-3624-498f-b1e6-9c3f32706859,55,1033,44
104,2025-05-27 07:22:39,117600.0,17bd4d4f-ae3d-4570-b1ab-d46140d8536a,55,1045,44
105,2025-05-14 12:57:10,208600.0,0a645807-7ecb-4e0e-9232-66080b7cb90f,60,23,45
106,2025-04-14 07:19:10,170200.0,3ba35c46-89cd-4c86-945f-555c57916420,40,455,46
107,2025-04-14 07:19:10,337800.0,df5bdf48-a534-42cf-a1d3-aaf208ab9185,40,427,46
108,2025-04-14 07:19:10,111500.0,ec2ecc3d-7650-417f-a8ef-b597b9247afa,40,453,46
109,2025-05-13 08:41:01,140800.0,1b8739bb-7701-4bb9-be5e-b8864fc7574a,98,725,47
110,2025-05-26 04:55:25,75600.0,f96de705-8290-4084-a415-76b88d68d317,16,977,48
111,2025-05-03 20:38:22,81100.0,3db8b73e-d40f-4ba1-be00-55d364e36a4d,36,804,49
112,2025-05-03 20:38:22,85600.0,a783ccbe-e927-45ed-8c47-135ba37fba0a,36,796,49
113,2025-05-03 20:38:22,109500.0,cd2b512a-3be9-41fb-b32d-a45f8f7fcceb,36,818,49
114,2025-05-01 07:00:59,99800.0,8b634e21-9b56-4c29-acb9-d197abff7090,63,1014,50
115,2025-05-29 02:37:04,99000.0,448ffa22-9368-4d59-8b62-777481461163,16,976,51
116,2025-05-29 02:37:04,71300.0,ef5b8cee-3bf7-4c49-9ff5-c739bd46d8bc,16,986,51
117,2025-05-29 02:37:04,103700.0,a1abd952-cebe-40c8-9fdb-e80ea4a60eec,16,1006,51
118,2025-05-29 02:37:04,95300.0,6b5af9e4-bf2e-4ddd-86d1-9c03f2e52492,16,1041,51
119,2025-04-27 16:14:31,114600.0,ab2370a6-a136-466f-812b-8c502deb7237,11,758,52
120,2025-04-27 16:14:31,74200.0,a5217867-f8f3-425a-abae-aea4f915093f,11,784,52
121,2025-04-27 16:14:31,110600.0,8390d0e7-ee76-4df6-af46-d6e550fada53,11,850,52
122,2025-04-27 16:14:31,74200.0,c8c074ae-7b35-4351-9372-88e575791375,11,810,52
123,2025-05-26 18:59:50,339400.0,6a65a780-a93c-4cc4-8b82-e86c802ada0b,64,245,53
124,2025-05-26 18:59:50,369600.0,0d5e982a-e7c6-4574-aa06-b45318ab3590,64,228,53
125,2025-05-26 18:59:50,108800.0,9f2904d5-dbb9-41e1-a112-aff6694523be,64,283,53
126,2025-05-26 18:59:50,137200.0,5e4798f5-8b2f-4ca1-80ab-a1937534926c,64,266,53
127,2025-04-29 11:24:44,92200.0,b195c571-5cfc-47d9-8446-6e4442f1c12c,36,763,54
128,2025-04-29 11:24:44,82900.0,d1cc4423-a365-40e8-bdc8-dc3f3367405b,36,798,54
129,2025-04-29 11:24:44,88300.0,3f5a4358-80fa-497e-b34c-7a2a1b09c274,36,786,54
130,2025-05-12 23:42:38,129600.0,868054fd-ce79-4181-8e5d-8ced4bac47f5,84,258,55
131,2025-05-12 23:42:38,166800.0,cde97d0a-3e60-4307-a5e7-b09a1c0f3766,84,289,55
132,2025-05-12 23:42:38,128300.0,73de43d7-6820-4e79-a46e-f66f6c8d3621,84,299,55
133,2025-05-18 12:00:57,121000.0,d30a64fb-bffd-4516-b455-9e7e9f1657ff,20,407,56
134,2025-05-18 12:00:57,85300.0,685dbf5a-c6b8-4e66-b1d4-41f60e60635d,20,384,56
135,2025-04-09 22:06:31,103000.0,52b1760e-c29d-4dd0-8d73-16d564ea9b18,48,980,57
136,2025-04-09 22:06:31,96400.0,411c18e4-09ae-46aa-851f-11cbe550019e,48,1038,57
137,2025-04-09 22:06:31,70300.0,19bca781-5323-493d-a640-2e3425698671,48,1018,57
138,2025-04-09 22:06:31,102200.0,a30c9074-ecc1-4fd1-891d-3c927a7901c7,48,982,57
139,2025-04-28 21:20:02,142100.0,1983a732-4691-4bfc-a7b3-6113529ff4c1,66,362,58
140,2025-04-28 21:20:02,121000.0,1c909f20-e866-4736-98c3-6297e8dfa551,66,407,58
141,2025-04-28 21:20:02,95600.0,9ff89f8f-1aba-4329-bf5d-bb9d8659213e,66,397,58
142,2025-04-28 21:20:02,99300.0,060ac274-20af-405c-ba17-69188bf4e85d,66,379,58
143,2025-05-24 04:08:36,89500.0,b6738394-0075-482c-9a93-d42fa88b6c56,56,974,59
144,2025-05-24 04:08:36,105000.0,8ec9aa0e-df77-492d-9775-8abac9a06022,56,885,59
145,2025-05-17 12:06:13,100700.0,946d03dc-d3e5-4471-ad43-3c7ea88664a2,113,892,60
146,2025-05-17 12:06:13,121100.0,334f7cbe-974f-417e-b178-fd8c53e0319c,113,962,60
147,2025-05-15 04:13:51,135100.0,8af483c5-58d3-478d-b605-6a2efb8cbdba,13,292,61
148,2025-05-15 04:13:51,139000.0,4b31598d-55d5-475c-970d-36cafc963c01,13,303,61
149,2025-05-15 04:13:51,370300.0,675f9d5c-c183-405e-94ae-761e651c8a73,13,237,61
150,2025-05-15 04:13:51,112700.0,67a960bc-4c76-41a3-a76d-23f07663d581,13,279,61
151,2025-04-30 13:46:50,90100.0,44919892-7bfc-4e75-ad3e-23b0a384ddf9,36,834,62
152,2025-04-30 13:46:50,108400.0,a520efc6-9eb4-4106-9b12-19a04462b0d2,36,777,62
153,2025-04-29 09:29:18,141000.0,d92fe49f-d657-4f6e-823f-d740c39f79ac,66,392,63
154,2025-04-29 09:29:18,220200.0,de3d6e92-278b-46b1-9f4e-e2c0d51c4774,66,314,63
155,2025-05-04 21:12:19,315100.0,6bfa6499-dfd9-4782-8924-26f71c7a7892,105,414,64
156,2025-05-04 21:12:19,164700.0,c502da2e-661c-4a5a-9157-7cd55d308c82,105,499,64
157,2025-05-04 21:12:19,168000.0,e991698a-960c-459c-a9b4-25b5b9864aae,105,498,64
158,2025-05-04 21:12:19,111800.0,4b65e947-4190-4d20-b6f9-72a9564086bc,105,481,64
159,2025-05-12 06:30:49,124000.0,ee5ec4a3-5b25-452b-ab18-a28ed12c3c5f,7,344,65
160,2025-05-12 06:30:49,127800.0,20ac8b53-fb09-4129-bcdb-847473dab9f4,7,372,65
161,2025-05-12 06:30:49,124700.0,eaa1b283-c3b1-4e91-b6c0-bde36b0ff7ac,7,396,65
162,2025-05-12 06:30:49,114000.0,aebe94ec-c3dd-4fff-8fd3-b11ba251056f,7,365,65
163,2025-05-12 17:33:38,101800.0,3d417ad4-340e-4d1a-9546-fffc32e1ace1,58,949,66
164,2025-05-12 17:33:38,93300.0,8d7721b0-7518-4652-a2a9-c4a14b53a2c3,58,919,66
165,2025-05-12 17:33:38,109000.0,26b9b845-0254-456f-907c-650e3f15c272,58,895,66
166,2025-05-12 17:33:38,122000.0,c661cc46-4d40-4366-b14d-4817bbddf2d2,58,896,66
167,2025-04-20 00:57:17,119600.0,fd297f11-99a3-41a2-95c0-2c7d63c6b8c4,44,946,67
168,2025-04-20 00:57:17,269900.0,e18c7882-748f-45e1-b47b-6e344e67a929,44,859,67
169,2025-04-20 00:57:17,230800.0,93cbea33-2f7f-4bd1-b3aa-5438f78d2bdf,44,863,67
170,2025-05-07 00:14:44,315000.0,b24aa59e-a08b-4cea-aea5-35bffa948940,105,423,68
171,2025-05-07 00:14:44,299400.0,1621271b-f703-43b1-83d3-3bd690c71800,105,426,68
172,2025-05-12 16:58:28,166900.0,d006c42b-9c93-47fb-8c0b-634ac3e9947a,2,676,69
173,2025-05-12 16:58:28,153500.0,ed68ce3c-2707-49d3-bcad-593bd0ba5ae4,2,735,69
174,2025-05-12 16:58:28,140300.0,f98a27ff-5dc6-401f-8eb5-ba8a9aa15959,2,675,69
175,2025-05-12 16:58:28,139100.0,3bdc762d-c5dc-4065-b8aa-a6c8085a003b,2,639,69
176,2025-04-19 20:06:54,119600.0,d9b1f617-00e3-43ab-ab79-888448659b3b,49,582,70
177,2025-04-19 20:06:54,195900.0,da409dd9-fe03-44ce-85cc-9768fcfedbcc,49,505,70
178,2025-04-19 20:06:54,101200.0,4c05f8d2-4e61-4f1a-ae00-560c36e45752,49,545,70
179,2025-05-25 09:34:42,108000.0,1af48fc3-3b4e-4f75-99b1-42a984659803,47,635,71
180,2025-05-25 09:34:42,129600.0,902b157b-51cb-4f7a-a002-8158edc69be8,47,728,71
181,2025-05-25 09:34:42,143100.0,c3483fe0-bb92-4f3b-9cf5-e480225ffdec,47,636,71
182,2025-05-25 08:39:43,250300.0,a0cce762-459d-4bd7-a508-5f6f7b5a1743,95,16,72
183,2025-04-25 11:11:48,115300.0,1c16304d-54ae-4b69-abb5-d59efd912f5d,77,155,73
184,2025-04-25 02:02:37,111600.0,dea28082-e696-4fe0-9e6b-101189a64a03,76,458,74
185,2025-05-26 13:28:59,83300.0,671e3a48-686b-4ba1-8c11-55bb8eb01ecb,16,995,75
186,2025-05-26 13:28:59,111700.0,5d6a2ad7-dccd-47c0-a683-6b6c6135bd95,16,1005,75
187,2025-05-26 13:28:59,99800.0,aded7226-47b0-4f8d-ab57-78b9d0890167,16,1014,75
188,2025-05-26 13:28:59,116400.0,0bb3390d-3dc6-4a7e-aaee-432d4726eae5,16,1043,75
189,2025-05-23 21:40:16,88800.0,cfb8f3d2-712b-4049-a1cb-8504fb895327,68,55,76
190,2025-05-23 21:40:16,117400.0,78e70b90-4f66-4635-9d3d-68ea9bbd1ce6,68,103,76
191,2025-05-23 21:40:16,250300.0,350477ba-8544-498d-a3fd-616cbf358308,68,16,76
192,2025-05-15 06:00:08,71300.0,d3e2794b-ff7b-46bc-8a5b-e6e170ddb9aa,42,775,77
193,2025-05-15 06:00:08,87700.0,704eac79-c49b-4449-9bc9-5fe34e04fbba,42,843,77
194,2025-05-15 06:00:08,71500.0,c12f39d2-ee2f-4039-b9fb-22f2bd4be15c,42,769,77
195,2025-05-15 17:23:15,284100.0,ad85cdcf-a70a-4a77-aacf-1d19e80b46da,71,242,78
196,2025-05-15 17:23:15,168200.0,2f604595-6ef3-4e68-858d-ce1bccb5ab6e,71,268,78
197,2025-05-15 17:23:15,284300.0,65db0cef-e236-4bd4-844a-9e4c1af32974,71,227,78
198,2025-05-22 06:04:50,100500.0,68aef501-659b-4784-9e5d-a29b3b48cbd4,55,1002,79
199,2025-05-22 06:04:50,96400.0,071701df-88d5-4597-90d2-a7e6696b869d,55,1038,79
200,2025-04-11 07:40:01,103300.0,614bcb02-bcc9-4153-a20f-bf597a22e655,52,890,80
201,2025-05-03 15:47:34,81000.0,829148a1-a93c-4395-9811-d92fe6070fea,4,62,81
202,2025-05-03 15:47:34,107600.0,05ad34a4-6d63-4de5-917f-49b5bae42568,4,80,81
203,2025-04-30 14:47:45,126500.0,66d20d5d-32f4-4f61-b8b4-071638fd0472,77,154,82
204,2025-04-30 14:47:45,102900.0,effb44c8-6a0e-43f2-b2f8-57a61922065d,77,213,82
205,2025-04-30 14:47:45,105200.0,9a04db6a-83ae-475b-a3e8-4f7103e0ec91,77,170,82
206,2025-04-30 14:47:45,116500.0,73fc3eb3-7630-4c6c-b09c-eabb5e5f2af1,77,144,82
207,2025-05-29 07:09:59,106000.0,ab0e6a21-6bb4-4ad1-95b0-c247ec2a6564,16,1026,83
208,2025-05-29 07:09:59,79300.0,78c24c30-7f76-4a20-a696-b26369b5ca73,16,1042,83
209,2025-05-29 07:09:59,106000.0,34ece3f7-dcda-4138-9737-81ede3b1b7fb,16,993,83
210,2025-05-27 22:56:35,141900.0,f450535a-f639-4c9f-94bb-1bbd20840b49,81,359,84
211,2025-05-27 22:56:35,204700.0,eaef25d8-f13d-441f-9587-5cc2c327b499,81,323,84
212,2025-05-27 22:56:35,124200.0,d5cd81ff-2406-4753-a8d0-45243ffb8d14,81,402,84
213,2025-05-27 22:56:35,117900.0,c4f72409-d1ba-4b3b-8ef0-1b33efc849a9,81,399,84
214,2025-04-28 19:40:01,113800.0,a87838e6-4723-4886-8e53-f36e955ce5cb,77,193,85
215,2025-04-28 19:40:01,126400.0,3e0da12c-07fd-4b8a-bdc8-3cf36df0abcb,77,177,85
216,2025-04-28 19:40:01,78900.0,e9334d1a-30f8-44dd-9add-48c9ede8b43b,77,215,85
217,2025-04-28 19:40:01,98500.0,21576cb6-0ba1-467b-b8a0-cb70f636261a,77,165,85
218,2025-05-10 11:26:28,202400.0,a50d2d79-e885-4768-a7fc-88f46722e2ab,116,329,86
219,2025-05-10 11:26:28,89300.0,3afc6542-4a46-489a-add9-debaea15e3ed,116,370,86
220,2025-05-10 11:26:28,89100.0,0ba6755a-01bb-4996-a4f4-abc2f5365281,116,385,86
221,2025-05-10 11:26:28,116000.0,34df4258-987a-4130-a31f-48212af5d912,116,347,86
222,2025-05-23 06:58:58,84400.0,430d6e82-cba3-44ca-9155-efe83f784a37,20,343,87
223,2025-05-23 06:58:58,113300.0,d3ba8a78-06e4-46ef-8921-af6307196445,20,387,87
224,2025-05-23 06:58:58,196300.0,2a7e77ed-5751-4434-8545-325cce2b1013,20,330,87
225,2025-05-06 17:28:14,120900.0,4684afa5-b783-4310-ab80-b6d8e6398a56,4,97,88
226,2025-05-20 00:27:52,129000.0,eccebd53-badd-4059-9bc3-119a33ae7d4d,20,340,89
227,2025-05-20 00:27:52,100800.0,112fce8c-9589-4928-9497-50bd67349492,20,373,89
228,2025-05-20 00:27:52,142100.0,13646e7f-92e0-47e1-8d7c-41e357a96a69,20,362,89
229,2025-05-14 18:10:23,178000.0,f0310403-2676-4191-a926-21d7bdcbc97c,98,730,90
230,2025-05-14 18:10:23,346800.0,b47b3960-481b-441c-9903-9849d10d84a2,98,608,90
231,2025-05-14 18:10:23,155800.0,43b54737-c193-4a7f-bee4-74623cc0859a,98,733,90
232,2025-05-14 18:10:23,127900.0,6f6f450d-1b30-45da-83c8-18231ae85d55,98,661,90
233,2025-05-12 21:55:34,111800.0,005204df-71cd-4cd8-8ca5-f1d7f535ecb8,13,288,91
234,2025-05-12 21:55:34,323900.0,59cafdb5-df77-4eac-bff3-ee860a5ce59c,13,231,91
235,2025-05-12 21:55:34,172400.0,1ecd7208-8e16-4545-869f-851ea68e4d80,13,270,91
236,2025-05-07 19:18:10,118600.0,69a21c52-9cba-47d6-be70-f9b0ee2a4e03,18,751,92
237,2025-05-07 19:18:10,89900.0,8b3b1eee-5581-48b5-923b-ba1797aa2a68,18,757,92
238,2025-05-22 12:28:40,236400.0,cccc2741-029f-459e-9990-7f4961ed2d1b,20,319,93
239,2025-05-22 12:28:40,143100.0,4f858c7f-aeba-403f-8068-f4917a98d0b6,20,366,93
240,2025-05-22 12:28:40,136300.0,5cc9da4b-971b-49b9-8f96-c1774459821d,20,363,93
241,2025-05-22 01:33:26,116800.0,f82ed922-162b-4591-ab0b-02c8974294bb,56,913,94
242,2025-05-22 01:33:26,132000.0,397a3eaa-ae75-46e4-a523-a88003817d42,56,932,94
243,2025-05-22 01:33:26,105500.0,6f737db2-8fdd-4aa7-99cc-bf9a191364ce,56,957,94
244,2025-04-25 08:27:08,84200.0,c7b1d340-e7bc-45aa-bb5e-2502b2c89d57,44,933,95
245,2025-05-09 23:11:06,106400.0,9ef6c455-3235-4cb3-9542-5d3aeae8d5a3,116,405,96
246,2025-05-09 23:11:06,117900.0,4d088b98-bfa9-4be0-812d-2a11bd70a2d8,116,399,96
247,2025-05-03 07:10:49,166000.0,efee4464-66f0-4b57-ad58-38de1d26405e,51,522,97
248,2025-05-03 07:10:49,119600.0,b00bbafc-bc49-4428-8a98-04ba758c0dab,51,582,97
249,2025-05-17 04:31:13,141200.0,fbbe77a7-270c-4d66-80fd-becb4d280238,54,707,98
250,2025-05-17 04:31:13,336100.0,65d58260-1934-43f2-9466-050ded0523bc,54,632,98
251,2025-05-17 04:31:13,137700.0,e916afec-8ea2-4b54-bbe5-98b9ac6f6016,54,704,98
252,2025-05-17 04:31:13,253900.0,356f2b0b-ed35-4b22-889b-e2d7f07a835e,54,613,98
253,2025-05-27 05:31:00,141500.0,b4007e47-c6a8-4eba-b6bc-54acc64fec15,81,345,99
254,2025-05-27 05:31:00,109300.0,a39d9bfb-87bd-4b5f-85bb-2544263fa291,81,398,99
255,2025-05-27 05:31:00,121000.0,980dcc3b-db22-4453-88a8-0daea2873332,81,407,99
256,2025-05-02 10:56:26,95000.0,0078a215-5b1e-49e7-9089-91d818dd2173,51,577,100
257,2025-04-05 12:49:12,117600.0,bc86f59b-f7e0-4399-bd82-cd5f074e7eae,48,1045,101
258,2025-04-05 12:49:12,105700.0,0cb21ee6-4e55-4af2-9ea3-cb57c6cea76d,48,1024,101
259,2025-04-05 12:49:12,115700.0,60016841-cdbb-418f-834c-66e3a6175b60,48,1025,101
260,2025-04-05 12:49:12,95300.0,092e032a-fd1c-43c7-8b92-832714a054fc,48,1041,101
261,2025-05-08 15:40:47,255500.0,9e6f23b3-b5fe-4b75-a040-97e326eac9a6,4,21,102
262,2025-05-08 15:40:47,193900.0,0650e790-f54f-42d3-93a1-b4f6b456f86c,4,19,102
263,2025-04-23 06:44:47,125100.0,88fc8791-79d4-4c79-b54e-a7c75329f4d9,6,558,103
264,2025-04-23 06:44:47,118300.0,aec74074-86af-4a0a-8b02-bc66df537a29,6,548,103
265,2025-05-01 03:35:36,72300.0,1bdbda92-96f6-429e-bdc6-e7224bf0be2d,36,748,104
266,2025-05-01 03:35:36,99900.0,599c5f3f-825b-4625-8105-23d5c03937e9,36,857,104
267,2025-05-01 03:35:36,110300.0,3b4d15cb-70c5-4103-9951-f5e084367e8d,36,851,104
268,2025-05-17 08:10:12,106800.0,93f70552-0437-47e3-b9b1-5096767fd8f4,58,955,105
269,2025-05-24 11:20:25,113900.0,e0162aa6-db59-410b-88b6-af641fec7cbd,68,33,106
270,2025-05-24 11:20:25,125100.0,0373b904-b61a-4cf3-97c5-56befdf678b8,68,101,106
271,2025-05-24 11:20:25,129300.0,d206be60-abe2-4b2c-a074-f3c043ecfdd0,68,77,106
272,2025-05-24 11:20:25,126100.0,0f5c0596-9f83-4afb-bdf4-000571f1d952,68,61,106
273,2025-05-02 11:43:22,190200.0,35e251ca-4dd8-4ad3-a7a8-fdf7caa4f006,83,877,107
274,2025-05-02 11:43:22,106800.0,e4d1260d-c5de-4c5b-9a44-bdc8464339cc,83,955,107
275,2025-05-02 11:43:22,131000.0,23d5d73a-477b-40ef-806b-5355bf851faf,83,973,107
276,2025-05-07 20:22:59,181100.0,bce3d1d0-48c8-4903-8a58-4bd3a1770511,73,10,108
277,2025-05-07 20:22:59,180000.0,d278040a-8d3d-4963-bd66-8220a16d8507,73,7,108
278,2025-05-07 20:22:59,88100.0,3134956d-df73-482e-a59f-3bf137061609,73,45,108
279,2025-05-07 20:22:59,99800.0,2779fb0f-027d-43dc-8ce6-4121f2a0f086,73,93,108
280,2025-04-20 23:24:32,101800.0,ee0d7128-65d2-4fbe-96f5-3439a1a1c418,44,949,109
281,2025-04-20 23:24:32,228200.0,3f43fe79-c1eb-4c65-bf8a-e8f82a9dfddb,44,878,109
282,2025-04-20 23:24:32,109000.0,f528901b-5b34-413d-b036-53d50884c4b7,44,895,109
283,2025-05-19 00:19:34,166800.0,3309833e-1cb3-4c07-9725-10600e77b6e1,71,289,110
284,2025-05-19 00:19:34,169400.0,1c69e34e-2f03-4416-9f4f-c62376fef91b,71,296,110
285,2025-05-19 00:19:34,370300.0,2a3b0f25-0dc4-4c42-acc6-b4ab298cc654,71,237,110
286,2025-05-19 00:19:34,130500.0,b3684922-e770-48bf-a5e7-a375438b759a,71,281,110
287,2025-05-15 06:52:20,101400.0,c18c2473-9696-45ae-9c9e-fa9ec9389512,42,838,111
288,2025-05-15 06:52:20,80200.0,00071188-6c46-4a8e-99bf-251bbe7b9c27,42,753,111
289,2025-05-15 06:52:20,119700.0,f5ec1d59-636a-4733-bdaa-f56edf28aa72,42,820,111
290,2025-05-28 16:22:45,202400.0,e4a81196-7080-4a20-92e8-225de76c1f2b,81,329,112
291,2025-05-28 16:22:45,126500.0,4b62eb9c-d765-48ef-97e2-ec248c25210d,81,400,112
292,2025-05-28 16:22:45,141400.0,81a5bfdb-94f6-48ed-b706-95c7a416b48e,81,378,112
293,2025-04-08 02:45:20,228200.0,58f3bffd-fb10-4406-ac01-cf747629dd08,52,878,113
294,2025-04-08 02:45:20,95700.0,6d70f72f-f364-4558-b450-e465250530ea,52,929,113
295,2025-04-25 00:01:48,120900.0,85ac3ab0-5486-4c96-932e-e5b58928bfc4,46,97,114
296,2025-04-25 00:01:48,93100.0,8e147f9f-d0ba-4cad-888c-5c46a9e5a89c,46,66,114
297,2025-04-25 00:01:48,83700.0,9e9c4cf4-4b84-4045-a771-e3fbc9891f1a,46,87,114
298,2025-04-25 00:01:48,99900.0,357fdc1f-2c0c-4e7d-9577-bc6eb46e5773,46,41,114
299,2025-04-24 19:02:49,94800.0,ecb263e2-164f-4d5e-b756-a5a09749f49d,46,83,115
300,2025-04-24 19:02:49,103500.0,7b06d4ce-455f-4c47-ab3d-98f2a33abb3f,46,71,115
301,2025-04-24 19:02:49,127000.0,c26cac74-6af6-4794-8515-d4204339b988,46,50,115
302,2025-04-24 19:02:49,114900.0,e036f5b9-be07-4698-b9d3-454c05a5edf2,46,105,115
303,2025-05-09 17:47:41,92600.0,7df34682-884e-4536-a1f8-2501d81b15a9,73,67,116
304,2025-05-09 17:47:41,259900.0,072b062e-b868-41af-878b-b44c5545382f,73,9,116
305,2025-05-09 17:47:41,118700.0,50994bef-1b6a-4a3e-8f7c-7a89d0ca52b6,73,40,116
306,2025-05-19 01:18:24,97800.0,c71ece22-8335-4ab5-8f8f-30cd509363f7,20,338,117
307,2025-05-19 01:18:24,115600.0,febc6fc7-d292-40bf-b5df-a77c3a47b05d,20,383,117
308,2025-05-05 23:09:08,114600.0,138a32e1-e2b1-4d07-bce5-177f9e3d4896,18,788,118
309,2025-05-05 23:09:08,114100.0,0e266768-ad81-4729-b02b-5d7008016d2c,18,800,118
310,2025-05-05 23:09:08,114300.0,06fd76b2-a1d5-4a62-8074-589bd484179c,18,823,118
311,2025-05-11 11:33:10,78600.0,fb26f5e9-52a2-4321-84ac-7f70cdd8368b,21,49,119
312,2025-05-12 09:12:19,177400.0,4d66817f-f620-495b-be1e-f6ba6c18d6ee,5,691,120
313,2025-05-12 09:12:19,151900.0,fb6ab53b-b584-468a-b239-5c1bee888da0,5,685,120
314,2025-05-25 03:55:50,70300.0,14879a66-7384-4846-8fdb-4e954ca74f9e,55,1018,121
315,2025-05-18 01:26:48,113400.0,3afe841e-f442-4e32-8fc7-52b335bb7fc6,71,254,122
316,2025-05-18 01:26:48,122300.0,8b086eff-b37d-4fc7-8917-4ad3320be64c,71,301,122
317,2025-05-17 04:33:03,108800.0,5e415c07-7df7-461b-b4b3-8ae7f1f956bf,13,283,123
318,2025-05-13 00:44:11,361300.0,86718939-6013-4c01-8f8d-f916ba2d6b70,91,425,124
319,2025-05-13 00:44:11,146500.0,3057c276-2a30-47dc-a345-db726e7305cd,91,484,124
320,2025-05-13 00:44:11,151600.0,1c440bb3-f9e7-481e-9939-0864cebc3582,91,471,124
321,2025-05-13 00:44:11,141000.0,6ea3572b-1e94-49c7-9d9d-45d559e7e092,91,462,124
322,2025-05-13 16:35:25,93100.0,14ff14db-4046-4d28-aeba-8b86f416b212,60,66,125
323,2025-04-27 21:02:22,79300.0,01c4afc5-c292-4c1b-8e59-01118b147f76,63,1042,126
324,2025-04-27 21:02:22,103000.0,f2dac935-4b41-480f-bc10-9c3bb918baae,63,980,126
325,2025-04-27 21:02:22,80800.0,ac24f202-884e-4578-a053-84a31a7c2aff,63,988,126
326,2025-05-13 06:59:53,179300.0,e0af3cf6-3955-431b-b409-5a75ae7184bd,91,441,127
327,2025-05-13 06:59:53,122600.0,64e12439-5864-4276-8e2d-a8742a0c4c43,91,446,127
328,2025-05-13 06:59:53,156700.0,fa1f4141-7514-475f-90bc-d643e2874f35,91,435,127
329,2025-05-27 15:06:37,133700.0,048e950a-5759-45ca-b8c9-56d049666440,124,670,128
330,2025-05-27 15:06:37,369500.0,0ab1ed6b-827e-43e1-a215-9c40f1fd9b55,124,606,128
331,2025-05-27 15:06:37,136100.0,66552dc5-a075-4a2e-adbc-066758158a78,124,644,128
332,2025-04-23 13:46:05,89300.0,c6f7e170-eb8c-457f-9f18-7a2d6dcdeb28,44,898,129
333,2025-04-23 13:46:05,111600.0,6b7a297b-af61-4683-9594-1e8bb4443c9d,44,903,129
334,2025-04-23 13:46:05,124300.0,6d60f0e5-dd19-421c-bd7d-bf552954ad8f,44,950,129
335,2025-04-23 13:46:05,205500.0,46e7a7c6-fee6-439a-bb5a-e4360bea2030,44,866,129
336,2025-04-28 18:17:32,210400.0,4627d126-c9fb-4f96-9f63-b8d6e5713a02,6,510,130
337,2025-04-28 18:17:32,121500.0,47ff6d78-b6aa-4e51-a8c2-d4216b947808,6,566,130
338,2025-05-20 01:05:12,82200.0,daa5bd8e-ad7d-4a63-878a-3058365922b3,109,1032,131
339,2025-05-24 08:52:20,255500.0,7e7970da-0b5f-43d1-9e1d-a9bf2cc72158,68,21,132
340,2025-05-24 08:52:20,128600.0,83589940-f987-4e6b-85f1-83af69285d54,68,104,132
341,2025-05-24 08:52:20,78600.0,83e93a66-615e-41fd-addb-b63b3298b73b,68,49,132
342,2025-04-25 15:07:02,108900.0,9c51d90f-4dd3-4b6c-b17b-c74ebe15ce18,49,578,133
343,2025-05-16 06:03:44,173000.0,ae9e7497-b013-4893-916a-dbedc9f734b6,71,307,134
344,2025-05-16 06:03:44,323900.0,d444d2d6-a70d-41e5-b29e-cafecd16d824,71,231,134
345,2025-04-30 23:30:22,226900.0,98253ec5-cb17-4eba-8108-84c3012e54e1,83,869,135
346,2025-04-30 23:30:22,165600.0,7eff738b-a000-40ab-8fe6-f12eba91e5aa,83,879,135
347,2025-04-30 23:30:22,128200.0,0126c06e-bf86-4dc9-a458-a7ec6aedfa21,83,951,135
348,2025-04-30 23:30:22,101800.0,eda72380-3154-4bd0-8119-e0c3f0caca9a,83,949,135
349,2025-05-12 20:33:11,91500.0,c4b97bf9-0867-4111-8cd0-1ce013d9af93,73,85,136
350,2025-05-09 21:29:12,340100.0,4ac804a4-a72f-4cb3-9d18-da5e7487479c,2,630,137
351,2025-04-20 14:49:58,110000.0,646082eb-a333-49ac-91d1-ad8ef0662314,49,529,138
352,2025-04-20 14:49:58,98400.0,67538006-8c17-4730-aaf0-966d99fd028a,49,556,138
353,2025-04-24 10:48:08,116000.0,3fc4f624-99b6-442d-b2eb-bc2ef3a714ce,66,351,139
354,2025-04-24 10:48:08,141400.0,142f8be1-5573-42e2-9060-6af784de9828,66,378,139
355,2025-05-20 06:49:36,213500.0,71a2554e-9b54-47c1-a696-944664461121,56,870,140
356,2025-05-20 06:49:36,111900.0,7ef3f38d-1a6d-49df-8b8d-944a3da4f792,56,912,140
357,2025-04-22 04:49:03,84200.0,e133dde8-04d0-4613-a728-8500c0fbf728,49,572,141
358,2025-05-13 14:36:57,107200.0,59de7b0a-f271-4790-9c5b-7e786e7fb9c4,91,489,142
359,2025-05-13 14:36:57,175000.0,aad5fb29-515d-40cc-833b-3651cc5d4e99,91,487,142
360,2025-05-15 05:03:20,115400.0,f319eb5f-d732-4e20-a8de-f2ce7122f99b,91,456,143
361,2025-05-17 02:47:18,176400.0,caf4a8a8-4d51-4dd9-b6e2-20e4e67e941c,54,674,144
362,2025-05-17 02:47:18,125900.0,9836083e-de73-4fbe-90ec-53dbc37463ca,54,652,144
363,2025-05-17 02:47:18,117500.0,ab38ba51-0a47-4e32-94c5-f0790ae6d366,54,703,144
364,2025-05-22 23:23:27,105500.0,d2ed84a3-3fdd-47fd-834b-7c29e06e3b2b,125,957,145
365,2025-05-22 23:23:27,118300.0,8bbfdbac-9935-4ff3-b7fd-20d3ddd202aa,125,905,145
366,2025-05-22 23:23:27,81000.0,8ed55731-81d0-42c5-bab5-6a82a9f7d67e,125,963,145
367,2025-05-11 00:23:35,87600.0,2b5a443a-53df-4dd2-a94e-50d214842277,42,806,146
368,2025-05-11 00:23:35,112800.0,e8bc5b72-3a1d-4aae-b39d-5d51835e1be7,42,825,146
369,2025-05-11 00:23:35,74200.0,3e4ed1f5-7097-4a84-ab5c-60999cff62c5,42,810,146
370,2025-04-12 10:53:00,128800.0,1a6239fb-79cc-44bf-b291-93f35fead3bd,82,689,147
371,2025-04-12 10:53:00,177400.0,96d99100-3a30-4425-8208-8676f377104d,82,691,147
372,2025-04-12 10:53:00,123000.0,a7858a9a-51b7-4081-8bb8-275fb1255cb8,82,693,147
373,2025-04-12 10:53:00,136100.0,ddeb890f-a174-420d-8b63-8ba0960fee49,82,719,147
374,2025-05-09 07:40:03,92200.0,0b4a508c-b6de-4f94-b068-24fedcc5f9ef,18,763,148
375,2025-05-09 07:40:03,118800.0,358a9f71-4a71-4ac3-b15e-a5136d8131aa,18,814,148
376,2025-05-09 07:40:03,73700.0,fd2de5db-c61e-4fa6-910c-355e1344f802,18,755,148
377,2025-05-19 04:23:00,108300.0,c0eeaf23-76d4-443c-a8fc-bcb3e7b6d867,98,712,149
378,2025-05-15 21:36:48,125500.0,9a173fbe-ee64-474a-8a87-4604727113e8,58,899,150
379,2025-05-15 21:36:48,102800.0,a955ca13-afe4-4253-9cb6-dc831b952b71,58,935,150
380,2025-05-15 21:36:48,105000.0,89bec11d-2b23-4ef2-a204-4d95237905a3,58,947,150
381,2025-05-15 21:36:48,234600.0,e2397997-7685-47f4-9145-9297ec5d8525,58,871,150
382,2025-05-16 13:01:36,110400.0,5c387fe9-1b18-4707-940c-71e1d25033b5,58,924,151
383,2025-05-16 13:01:36,168500.0,a7e6647a-c3f1-468b-baf1-dcdeebd7bf11,58,862,151
384,2025-04-28 08:37:08,146000.0,e06bb77d-749e-411c-b2c1-7f1da34fa8cb,76,496,152
385,2025-04-28 08:37:08,105400.0,6dafd3cb-eb76-46bd-86c7-17595bb6f52e,76,495,152
386,2025-04-28 08:37:08,124200.0,61ed1304-67a8-4931-8796-6824720b4e38,76,466,152
387,2025-04-14 04:52:15,172100.0,c7d6f850-799c-4920-9a26-4d753a2d087d,82,687,153
388,2025-05-17 23:56:42,88600.0,17b77ac9-ab07-4238-977d-e8c64ed3a89a,20,356,154
389,2025-05-05 03:39:15,135600.0,4d9d5b0c-9c60-42db-8995-df263107aee3,105,452,155
390,2025-05-05 03:39:15,107700.0,ba92fcc1-3a1f-48a0-b4f9-2aaf2417e96a,105,470,155
391,2025-05-14 04:15:38,129200.0,11a83d9c-a389-436e-8f8c-e455c65e9eb5,13,276,156
392,2025-05-14 04:15:38,113400.0,b92c00fd-8efc-4878-8b73-3724bd2ed7d5,13,274,156
393,2025-04-10 03:39:44,105500.0,87d34208-50fa-48d7-9857-50c857d53073,52,957,157
394,2025-04-10 03:39:44,115800.0,44f9a083-4a54-46eb-a74d-52f6df5c591b,52,964,157
395,2025-05-14 10:23:13,205500.0,bd7d9d34-b7e3-4cb4-b1b9-93cded8c6d99,58,866,158
396,2025-05-14 10:23:13,105500.0,79a1d2eb-b08d-4c73-bf3c-b8583a3e48e0,58,921,158
397,2025-05-14 10:23:13,127400.0,e0c9b51f-dbda-456c-b682-e36499732027,58,884,158
398,2025-05-10 03:53:30,259400.0,12741198-f14c-4651-9aae-7bef324b5742,116,327,159
399,2025-04-23 06:59:37,119700.0,21903dda-7d6d-45b2-9331-1d0aa6e46ea8,11,820,160
400,2025-04-23 06:59:37,101300.0,a24e09e4-3244-4749-a552-64a595b78c1e,11,813,160
401,2025-04-23 06:59:37,90900.0,1129582a-4506-4d89-9194-806bb1400946,11,808,160
402,2025-05-10 07:17:40,135300.0,ea061295-f070-45f0-b3a9-faa3f825ccbe,2,654,161
403,2025-05-14 09:43:10,135200.0,a8212003-f181-4f4e-9353-eb7aa71d55fd,7,389,162
404,2025-05-14 09:43:10,140500.0,de789f2e-4bc9-462c-a0a3-8a239bbf9c0a,7,394,162
405,2025-05-14 09:43:10,200400.0,e09d0a35-ae04-4fe7-8856-9a3521723fda,7,324,162
406,2025-05-23 22:07:42,118800.0,d58e72e4-896a-48f7-8b3b-e88218e3710f,106,841,163
407,2025-05-23 22:07:42,102100.0,841055d8-033a-40a2-83f4-8283294b45f4,106,781,163
408,2025-05-23 22:07:42,108400.0,c1b3a1e5-a0a8-4c32-aa4e-eb8a64df0795,106,777,163
409,2025-04-27 19:50:41,117100.0,507f6508-f9f9-4d4d-9cd1-8d86edd95c46,66,357,164
410,2025-05-08 00:51:49,253900.0,09bc1b80-5b7d-4323-9b73-c52f57b37636,73,26,165
411,2025-05-23 10:48:35,255500.0,e409dcf6-06dc-4847-a18f-b6dcbe7bd9ce,75,21,166
412,2025-05-23 10:48:35,116400.0,31d03572-55dc-4314-a585-b3bb7af2aeff,75,102,166
413,2025-05-23 10:48:35,81100.0,32f6da6c-6ab0-4158-b822-dc536aca82d4,75,75,166
414,2025-05-23 10:48:35,91500.0,c6766209-8c9f-4fb4-befb-f5f1a581316e,75,43,166
415,2025-06-01 03:02:10,127900.0,7073a358-bc56-40a5-bd1c-5f8552fa986d,59,174,167
416,2025-06-01 03:02:10,128200.0,88c284b0-f23d-4578-b453-58b9bf41a7c0,59,130,167
417,2025-04-28 21:31:35,159000.0,c4713f8d-c0c1-43b9-abb0-f22e33926541,76,449,168
418,2025-04-28 21:31:35,107200.0,a7dbf779-5fc7-463e-9a62-d496de975445,76,489,168
419,2025-04-28 21:31:35,179300.0,ecce6585-17d8-4647-86e6-e06892e34063,76,441,168
420,2025-05-25 15:20:21,115700.0,9b6b01c8-6f63-4015-b352-12ad9bb8045c,55,1025,169
421,2025-05-25 15:20:21,75600.0,f2fc8780-18d3-4293-bd38-795a951b28c1,55,977,169
422,2025-05-25 15:20:21,89800.0,0fecc26a-958e-45ae-bfe2-f1767d1d77c3,55,983,169
423,2025-05-25 15:20:21,107000.0,c69e5176-3ca3-4f3a-aaf0-7d090cad7cff,55,1000,169
424,2025-05-21 20:17:41,88800.0,66057983-d11f-45d1-ac46-1f1371cd98d6,56,945,170
425,2025-05-14 11:15:07,168700.0,98d43c55-c277-4d24-b30a-cfe4d5e03245,118,306,171
426,2025-05-14 11:15:07,364800.0,42b60e05-ef82-4e7c-9f67-52880c9f2c39,118,250,171
427,2025-05-14 11:15:07,110300.0,a2d52376-dd14-44be-99a0-dafa2f831a25,118,257,171
428,2025-05-21 19:44:43,101300.0,d2faac19-f483-43b5-9615-eed4d87c7eca,55,1007,172
429,2025-05-21 19:44:43,72400.0,04901ce4-2ba6-41ab-bb84-f2a4bab07ea3,55,1009,172
430,2025-05-21 19:44:43,109400.0,36c5fed5-4338-47a5-a4c4-406428854a67,55,1021,172
431,2025-05-31 08:55:15,85400.0,146610aa-b3cd-4756-aecb-536b068fe1b1,59,172,173
432,2025-05-31 08:55:15,194800.0,6b786bd7-0155-413b-a43c-8870f4b94544,59,106,173
433,2025-05-31 08:55:15,111400.0,9c9ccceb-6495-49f8-9edb-21ae6a008cb5,59,168,173
434,2025-05-31 08:55:15,113300.0,8489ceda-55d9-444e-ab37-a6791576b23b,59,179,173
435,2025-05-04 01:32:17,74200.0,d521dbb0-5d7d-4ec8-be18-fbb3472bdd5d,36,810,174
436,2025-05-04 01:32:17,114600.0,1e1dbf0a-5d75-43f2-a3fd-1f397cc26a8b,36,788,174
437,2025-05-04 01:32:17,87700.0,8ae86666-4945-4838-a733-d37d4e3b7f99,36,830,174
438,2025-05-30 02:37:11,140600.0,9b79d6c0-fbc6-4aec-84ae-ff4aab285630,81,367,175
439,2025-05-30 02:37:11,115600.0,8471426c-2854-4e9a-b760-7e0f7a1e35d5,81,383,175
440,2025-05-30 02:37:11,299300.0,62b6266d-58b8-4651-ab29-da995cabc31e,81,332,175
441,2025-05-30 02:37:11,204800.0,a1e9ba4a-20b1-4fb2-896b-bf1ee0311cc4,81,313,175
442,2025-05-15 01:15:56,270200.0,36af0ffa-9351-47a6-9d32-7b152b51e795,91,421,176
443,2025-05-15 01:15:56,146000.0,63dfdfc1-ed74-464f-9eae-eea4aef1d20a,91,496,176
444,2025-05-15 01:15:56,106000.0,f140f813-0fe7-43a0-bf5e-1dcc209e504d,91,497,176
445,2025-05-26 01:13:29,115500.0,678c8ebe-fc59-42c7-aa58-29a1f54052d3,125,959,177
446,2025-05-26 01:13:29,77500.0,509443f3-2ab9-4d54-b0b6-b573db14c0c0,125,922,177
447,2025-05-26 01:13:29,92600.0,33de9bf7-e6db-43dd-8bc1-102eb6b11c5e,125,930,177
448,2025-05-26 01:13:29,122000.0,d70a2d26-4ab6-4811-8a24-2ce76ba3bf07,125,896,177
449,2025-04-28 04:20:46,167500.0,f5730eff-0e9a-430e-9369-15a7987f0216,76,454,178
450,2025-05-13 14:46:27,159500.0,109bb09b-d10a-4ff0-b65b-724fcd6ad541,5,731,179
451,2025-05-13 14:46:27,279400.0,688aa95e-80a5-4003-b276-a8f4c5bea121,5,611,179
452,2025-05-13 14:46:27,311300.0,7e901243-664c-4a99-8581-932ae0134650,5,626,179
453,2025-04-20 18:13:26,151600.0,0e6221d3-8a0c-43bb-ac52-142294e19701,40,471,180
454,2025-04-20 18:13:26,140200.0,144eb2cd-0be9-4951-aa8d-91dedf16f0dd,40,444,180
455,2025-05-02 19:04:12,112000.0,b62c6ee1-26af-47a1-aa17-32a2a40a6d4e,36,770,181
456,2025-05-02 19:04:12,78200.0,bb1cc5e0-c507-414a-bcc9-9808149490f1,36,742,181
457,2025-05-02 19:04:12,87400.0,e5617ef5-f2fa-4e78-b8e9-43c612a0745f,36,773,181
458,2025-04-26 10:31:19,94200.0,b33368bc-a101-4dfd-a3a7-3773911a1bca,6,538,182
459,2025-04-26 10:31:19,110000.0,cc915a83-c7df-44d4-9fe0-5673f292c520,6,529,182
460,2025-05-08 01:28:45,121100.0,2c39770b-0754-476f-8d6c-f8e27ee5b8a3,73,46,183
461,2025-05-23 09:59:37,106600.0,38914646-0b8c-45a2-ab3c-16fb658d3481,124,701,184
462,2025-05-23 09:59:37,173400.0,d891030a-d3c0-4b80-94a3-78a6871d5db8,124,649,184
463,2025-05-28 19:13:52,275500.0,e6f0a88a-f07e-48fa-998a-477bfe0337c6,81,310,185
464,2025-05-28 19:13:52,255200.0,951ddfd5-7dd9-4385-8d47-f5ce365e0797,81,336,185
465,2025-05-28 19:13:52,140500.0,2f6a95bf-c60d-42f7-af82-eeb5c3402bbb,81,394,185
466,2025-04-30 17:10:40,155400.0,7e56fb0f-757c-45b0-9cc2-2075a4bcf89d,76,476,186
467,2025-04-30 17:10:40,150600.0,64243f23-950a-4f49-86e2-de2d814c8781,76,482,186
468,2025-04-30 17:10:40,146500.0,d527e8a6-047c-42a3-a3f6-4a7400971f7b,76,484,186
469,2025-05-09 08:03:43,117100.0,0189189c-4e6b-4d47-9288-4dc9c13c74b0,7,357,187
470,2025-05-09 08:03:43,141000.0,f7c10428-219a-4e1e-ae06-4bc6bff79a25,7,392,187
471,2025-05-09 08:03:43,196300.0,23a1c4fc-3978-4864-bb6c-75bb0ba07aab,7,330,187
472,2025-05-09 08:03:43,120200.0,f85f6cc3-d7d2-4f0a-a32a-60bd3ee4608e,7,391,187
473,2025-04-28 22:01:28,87700.0,163a729c-fa57-487e-b221-ebcfdae20b7a,11,843,188
474,2025-04-28 22:01:28,114700.0,628d73b6-5216-4914-96eb-6cecffdb5b98,11,844,188
475,2025-05-26 19:29:46,94700.0,a9b54f3c-8381-4d97-9dd7-4d168073dc0b,55,1013,189
476,2025-05-26 19:29:46,71300.0,df3976a8-a7ee-477c-8e91-60c0d0fc867d,55,986,189
477,2025-05-17 05:32:08,84200.0,a7c67116-a7bb-4cd4-b882-f2dbd644359d,58,933,190
478,2025-05-17 05:32:08,100100.0,7a69f69b-969c-435e-99aa-499d01e1aeed,58,940,190
479,2025-05-11 16:06:21,113600.0,ca72ed8b-20f0-4660-a4b5-b985b9f4fa43,13,287,191
480,2025-05-11 16:06:21,120200.0,9f1f8112-70cd-4d85-8ee1-5aff28295430,13,298,191
481,2025-04-15 07:12:16,124200.0,aadd108c-5237-4d06-995b-3e2d541d4ea2,40,466,192
482,2025-04-15 07:12:16,369400.0,5e77b12a-ecb3-4554-8b98-90dadde1f7b3,40,413,192
483,2025-04-15 07:12:16,148100.0,b341ce5c-335c-4001-8f4d-920ca76b066f,40,475,192
484,2025-05-05 13:19:14,95500.0,1bd7589d-5424-4383-a4f6-07f9b0aefeea,4,95,193
485,2025-05-05 06:04:44,227800.0,f4f51633-c347-42ca-9ff9-a72a1f749dd9,4,8,194
486,2025-05-06 01:23:37,241500.0,44030c5d-a521-42f7-b11c-942bb72bd1ee,4,13,195
487,2025-05-06 01:23:37,170100.0,20cb1e09-150a-41f2-bd7b-6f56f1b347e2,4,30,195
488,2025-05-06 01:23:37,99700.0,e624822b-074e-4a8b-8c55-876b53e82dab,4,96,195
489,2025-05-06 01:23:37,94800.0,fcf37d32-140c-4d8e-a2d1-e5e454730919,4,83,195
490,2025-04-08 05:05:42,79300.0,a770b630-dc5a-43f5-b7f6-eeb21d830a66,48,1042,196
491,2025-04-08 05:05:42,90800.0,7e7c8a23-a579-42cb-a65e-0da6ac350248,48,1040,196
492,2025-04-08 05:05:42,94700.0,b5c44725-c5de-4b5b-b17f-acd9c24d846e,48,1013,196
493,2025-05-18 05:34:08,100100.0,53eb7bf3-4f41-4ab7-a4e8-81d55ae2ee96,113,940,197
494,2025-05-27 07:47:51,95300.0,38916d9c-6e80-490a-9f07-4b03699c0699,55,1041,198
495,2025-05-27 07:47:51,106000.0,217e21aa-a605-4a81-9cd6-f1a02ecfc8f0,55,993,198
496,2025-05-27 07:47:51,83300.0,cf2b823e-5283-4198-bb17-a36658d72e27,55,995,198
497,2025-05-27 07:47:51,91000.0,71fd4fd0-7a82-4a9b-9ecb-159a6acb6f85,55,1034,198
498,2025-05-27 17:32:54,112700.0,fe54b041-5a10-4669-b5a8-e4052d7b599d,64,279,199
499,2025-05-27 17:32:54,173000.0,1ecef815-5feb-4a23-9fc2-57eeb311b1a9,64,307,199
500,2025-05-27 17:32:54,153900.0,e6ae6611-b8bc-48e1-a11b-2d047901d5a4,64,271,199
501,2025-05-17 21:34:48,265400.0,4582acb8-646e-4dd6-b678-65663b753fa7,71,244,200
502,2025-05-17 21:34:48,120200.0,b396a886-ff81-4a31-add4-92e20bbed6f9,71,298,200
